<?xml version="1.0" encoding="UTF-8"?>
<FindBugsFilter>
  <Match>
    <Bug pattern="CN_IDIOM_NO_SUPER_CALL"/>
  </Match>
  <Match>
    <Bug pattern="DLS_DEAD_LOCAL_STORE"/>
  </Match>
  <Match>
    <Bug pattern="DLS_DEAD_LOCAL_STORE_OF_NULL"/>
  </Match>
  <Match>
    <Bug pattern="EI_EXPOSE_REP"/>
  </Match>
  <Match>
    <Bug pattern="EI_EXPOSE_REP2"/>
  </Match>
  <Match>
    <Bug pattern="FE_FLOATING_POINT_EQUALITY"/>
  </Match>
  <Match>
    <Bug pattern="MS_PKGPROTECT"/>
  </Match>
  <Match>
    <Bug pattern="NP_PARAMETER_MUST_BE_NONNULL_BUT_MARKED_AS_NULLABLE"/>
  </Match>
  <Match>
    <Bug pattern="RV_RETURN_VALUE_IGNORED"/>
  </Match>
  <Match>
    <Bug pattern="RV_RETURN_VALUE_IGNORED_BAD_PRACTICE"/>
  </Match>
  <Match>
    <Bug pattern="SE_BAD_FIELD"/>
  </Match>
  <Match>
    <Bug pattern="SE_BAD_FIELD_INNER_CLASS"/>
  </Match>
  <Match>
    <Bug pattern="SE_NO_SERIALVERSIONID"/>
  </Match>
  <Match>
    <Bug pattern="SE_NO_SUITABLE_CONSTRUCTOR"/>
  </Match>
  <Match>
    <Bug pattern="SIC_INNER_SHOULD_BE_STATIC_ANON"/>
  </Match>
  <Match>
    <Bug pattern="SQL_NONCONSTANT_STRING_PASSED_TO_EXECUTE"/>
  </Match>
  <Match>
    <Bug pattern="SQL_PREPARED_STATEMENT_GENERATED_FROM_NONCONSTANT_STRING"/>
  </Match>
  <Match>
    <Bug pattern="UWF_FIELD_NOT_INITIALIZED_IN_CONSTRUCTOR"/>
  </Match>
</FindBugsFilter>
